,Model,Label,location,energyscore,it
0,MOBS_NEU-GLEAM_FLU,Scenario A,US,21.729432461420842,0
1,MOBS_NEU-GLEAM_FLU,Scenario B,US,21.51634468580663,0
2,MOBS_NEU-GLEAM_FLU,Scenario C,US,25.244717231419187,0
3,MOBS_NEU-GLEAM_FLU,Scenario D,US,23.52143959244562,0
4,MOBS_NEU-GLEAM_FLU,Scenario E,US,26.524177917639136,0
5,MOBS_NEU-GLEAM_FLU,Scenario F,US,25.99960199187513,0
6,MOBS_NEU-GLEAM_FLU,Scenario A,US,22.371090542452492,1
7,MOBS_NEU-GLEAM_FLU,Scenario B,US,21.39518541957,1
8,MOBS_NEU-GLEAM_FLU,Scenario C,US,26.07622731951232,1
9,MOBS_NEU-GLEAM_FLU,Scenario D,US,24.17539624083559,1
10,MOBS_NEU-GLEAM_FLU,Scenario E,US,26.7955337301218,1
11,MOBS_NEU-GLEAM_FLU,Scenario F,US,26.103141543991857,1
12,MOBS_NEU-GLEAM_FLU,Scenario A,US,22.317180801923183,2
13,MOBS_NEU-GLEAM_FLU,Scenario B,US,21.755521736321285,2
14,MOBS_NEU-GLEAM_FLU,Scenario C,US,25.11868709929629,2
15,MOBS_NEU-GLEAM_FLU,Scenario D,US,23.452614839170376,2
16,MOBS_NEU-GLEAM_FLU,Scenario E,US,26.712728157702855,2
17,MOBS_NEU-GLEAM_FLU,Scenario F,US,24.9104303331876,2
18,MOBS_NEU-GLEAM_FLU,Scenario A,US,21.567744277144897,3
19,MOBS_NEU-GLEAM_FLU,Scenario B,US,21.671899641325762,3
20,MOBS_NEU-GLEAM_FLU,Scenario C,US,25.205505480986886,3
21,MOBS_NEU-GLEAM_FLU,Scenario D,US,23.88087719732637,3
22,MOBS_NEU-GLEAM_FLU,Scenario E,US,27.07500484235877,3
23,MOBS_NEU-GLEAM_FLU,Scenario F,US,26.535063608597394,3
24,MOBS_NEU-GLEAM_FLU,Scenario A,US,21.493061288766416,4
25,MOBS_NEU-GLEAM_FLU,Scenario B,US,21.1424491824826,4
26,MOBS_NEU-GLEAM_FLU,Scenario C,US,25.941197984415336,4
27,MOBS_NEU-GLEAM_FLU,Scenario D,US,24.85833129131354,4
28,MOBS_NEU-GLEAM_FLU,Scenario E,US,26.535739776992628,4
29,MOBS_NEU-GLEAM_FLU,Scenario F,US,25.84115186697041,4
30,MOBS_NEU-GLEAM_FLU,Scenario A,US,21.714052050321897,5
31,MOBS_NEU-GLEAM_FLU,Scenario B,US,21.178783853261304,5
32,MOBS_NEU-GLEAM_FLU,Scenario C,US,25.207834927382333,5
33,MOBS_NEU-GLEAM_FLU,Scenario D,US,23.98085350502321,5
34,MOBS_NEU-GLEAM_FLU,Scenario E,US,27.14624524884257,5
35,MOBS_NEU-GLEAM_FLU,Scenario F,US,26.709910715333418,5
36,MOBS_NEU-GLEAM_FLU,Scenario A,US,22.878526240458232,6
37,MOBS_NEU-GLEAM_FLU,Scenario B,US,21.659079410296986,6
38,MOBS_NEU-GLEAM_FLU,Scenario C,US,26.278574384877626,6
39,MOBS_NEU-GLEAM_FLU,Scenario D,US,23.701507370840314,6
40,MOBS_NEU-GLEAM_FLU,Scenario E,US,27.220398688166565,6
41,MOBS_NEU-GLEAM_FLU,Scenario F,US,26.42390143776456,6
42,MOBS_NEU-GLEAM_FLU,Scenario A,US,21.42963576967848,7
43,MOBS_NEU-GLEAM_FLU,Scenario B,US,20.944759556851395,7
44,MOBS_NEU-GLEAM_FLU,Scenario C,US,25.258270740841994,7
45,MOBS_NEU-GLEAM_FLU,Scenario D,US,22.90636859206073,7
46,MOBS_NEU-GLEAM_FLU,Scenario E,US,26.493483274020996,7
47,MOBS_NEU-GLEAM_FLU,Scenario F,US,26.64798253997297,7
48,MOBS_NEU-GLEAM_FLU,Scenario A,US,21.001431602920075,8
49,MOBS_NEU-GLEAM_FLU,Scenario B,US,22.235985680192766,8
50,MOBS_NEU-GLEAM_FLU,Scenario C,US,25.100592308893347,8
51,MOBS_NEU-GLEAM_FLU,Scenario D,US,24.22054737793338,8
52,MOBS_NEU-GLEAM_FLU,Scenario E,US,26.222916978332595,8
53,MOBS_NEU-GLEAM_FLU,Scenario F,US,25.938942669371734,8
54,MOBS_NEU-GLEAM_FLU,Scenario A,US,21.509657114365194,9
55,MOBS_NEU-GLEAM_FLU,Scenario B,US,21.665372639314104,9
56,MOBS_NEU-GLEAM_FLU,Scenario C,US,26.341059402698363,9
57,MOBS_NEU-GLEAM_FLU,Scenario D,US,23.163152937152233,9
58,MOBS_NEU-GLEAM_FLU,Scenario E,US,27.426622982826935,9
59,MOBS_NEU-GLEAM_FLU,Scenario F,US,24.838343666395414,9
60,MOBS_NEU-GLEAM_FLU,Scenario A,US,22.25262083572349,10
61,MOBS_NEU-GLEAM_FLU,Scenario B,US,21.646351252218363,10
62,MOBS_NEU-GLEAM_FLU,Scenario C,US,24.671979229330567,10
63,MOBS_NEU-GLEAM_FLU,Scenario D,US,24.06175092618877,10
64,MOBS_NEU-GLEAM_FLU,Scenario E,US,26.59645955557068,10
65,MOBS_NEU-GLEAM_FLU,Scenario F,US,24.58642502705838,10
66,MOBS_NEU-GLEAM_FLU,Scenario A,US,22.81231470977761,11
67,MOBS_NEU-GLEAM_FLU,Scenario B,US,21.421177281963587,11
68,MOBS_NEU-GLEAM_FLU,Scenario C,US,25.03480547656556,11
69,MOBS_NEU-GLEAM_FLU,Scenario D,US,22.93299417127177,11
70,MOBS_NEU-GLEAM_FLU,Scenario E,US,26.65867659859494,11
71,MOBS_NEU-GLEAM_FLU,Scenario F,US,26.254644105829037,11
72,MOBS_NEU-GLEAM_FLU,Scenario A,US,21.946241243230663,12
73,MOBS_NEU-GLEAM_FLU,Scenario B,US,21.142970384970862,12
74,MOBS_NEU-GLEAM_FLU,Scenario C,US,25.803465197796395,12
75,MOBS_NEU-GLEAM_FLU,Scenario D,US,24.294222117609156,12
76,MOBS_NEU-GLEAM_FLU,Scenario E,US,26.413486207679096,12
77,MOBS_NEU-GLEAM_FLU,Scenario F,US,26.186245158895925,12
78,MOBS_NEU-GLEAM_FLU,Scenario A,US,21.899885606768173,13
79,MOBS_NEU-GLEAM_FLU,Scenario B,US,21.72375635916396,13
80,MOBS_NEU-GLEAM_FLU,Scenario C,US,25.258332009679318,13
81,MOBS_NEU-GLEAM_FLU,Scenario D,US,24.149987480240785,13
82,MOBS_NEU-GLEAM_FLU,Scenario E,US,26.78716721861084,13
83,MOBS_NEU-GLEAM_FLU,Scenario F,US,26.748001125031454,13
84,MOBS_NEU-GLEAM_FLU,Scenario A,US,21.925481953623695,14
85,MOBS_NEU-GLEAM_FLU,Scenario B,US,21.660291285910006,14
86,MOBS_NEU-GLEAM_FLU,Scenario C,US,26.11957025030142,14
87,MOBS_NEU-GLEAM_FLU,Scenario D,US,24.25250990867365,14
88,MOBS_NEU-GLEAM_FLU,Scenario E,US,27.218749977357138,14
89,MOBS_NEU-GLEAM_FLU,Scenario F,US,24.824172358725253,14
90,MOBS_NEU-GLEAM_FLU,Scenario A,US,21.62653620746852,15
91,MOBS_NEU-GLEAM_FLU,Scenario B,US,21.1614711589716,15
92,MOBS_NEU-GLEAM_FLU,Scenario C,US,25.411498018314862,15
93,MOBS_NEU-GLEAM_FLU,Scenario D,US,23.905955645613584,15
94,MOBS_NEU-GLEAM_FLU,Scenario E,US,27.355482175474027,15
95,MOBS_NEU-GLEAM_FLU,Scenario F,US,25.73187223488697,15
96,MOBS_NEU-GLEAM_FLU,Scenario A,US,21.62012983550789,16
97,MOBS_NEU-GLEAM_FLU,Scenario B,US,21.421194506618665,16
98,MOBS_NEU-GLEAM_FLU,Scenario C,US,24.532973364613536,16
99,MOBS_NEU-GLEAM_FLU,Scenario D,US,24.233593950611212,16
100,MOBS_NEU-GLEAM_FLU,Scenario E,US,26.340075594259698,16
101,MOBS_NEU-GLEAM_FLU,Scenario F,US,25.19655369522364,16
102,MOBS_NEU-GLEAM_FLU,Scenario A,US,21.943163718653697,17
103,MOBS_NEU-GLEAM_FLU,Scenario B,US,21.617651337060785,17
104,MOBS_NEU-GLEAM_FLU,Scenario C,US,25.59982511623851,17
105,MOBS_NEU-GLEAM_FLU,Scenario D,US,23.94640755693285,17
106,MOBS_NEU-GLEAM_FLU,Scenario E,US,27.140356788103787,17
107,MOBS_NEU-GLEAM_FLU,Scenario F,US,25.80778629808653,17
108,MOBS_NEU-GLEAM_FLU,Scenario A,US,21.477409928326058,18
109,MOBS_NEU-GLEAM_FLU,Scenario B,US,21.42972565739034,18
110,MOBS_NEU-GLEAM_FLU,Scenario C,US,25.04790104848282,18
111,MOBS_NEU-GLEAM_FLU,Scenario D,US,23.742843159762344,18
112,MOBS_NEU-GLEAM_FLU,Scenario E,US,25.829291701815322,18
113,MOBS_NEU-GLEAM_FLU,Scenario F,US,25.594332378277407,18
114,MOBS_NEU-GLEAM_FLU,Scenario A,US,22.24265890619848,19
115,MOBS_NEU-GLEAM_FLU,Scenario B,US,21.72491153677341,19
116,MOBS_NEU-GLEAM_FLU,Scenario C,US,25.323703865036748,19
117,MOBS_NEU-GLEAM_FLU,Scenario D,US,23.170225112896293,19
118,MOBS_NEU-GLEAM_FLU,Scenario E,US,27.535676007799477,19
119,MOBS_NEU-GLEAM_FLU,Scenario F,US,27.039545642801773,19
120,MOBS_NEU-GLEAM_FLU,Scenario A,US,21.549266576350668,20
121,MOBS_NEU-GLEAM_FLU,Scenario B,US,21.38353766773695,20
122,MOBS_NEU-GLEAM_FLU,Scenario C,US,25.38843130140281,20
123,MOBS_NEU-GLEAM_FLU,Scenario D,US,23.22987237563278,20
124,MOBS_NEU-GLEAM_FLU,Scenario E,US,27.26237277829596,20
125,MOBS_NEU-GLEAM_FLU,Scenario F,US,26.13654472751542,20
126,MOBS_NEU-GLEAM_FLU,Scenario A,US,21.64014291778964,21
127,MOBS_NEU-GLEAM_FLU,Scenario B,US,21.62029519744126,21
128,MOBS_NEU-GLEAM_FLU,Scenario C,US,25.391353486598224,21
129,MOBS_NEU-GLEAM_FLU,Scenario D,US,24.463736913014692,21
130,MOBS_NEU-GLEAM_FLU,Scenario E,US,26.4414277285807,21
131,MOBS_NEU-GLEAM_FLU,Scenario F,US,26.31676336668763,21
132,MOBS_NEU-GLEAM_FLU,Scenario A,US,21.769373129982583,22
133,MOBS_NEU-GLEAM_FLU,Scenario B,US,21.349526966718088,22
134,MOBS_NEU-GLEAM_FLU,Scenario C,US,24.826723883697177,22
135,MOBS_NEU-GLEAM_FLU,Scenario D,US,24.046553489685536,22
136,MOBS_NEU-GLEAM_FLU,Scenario E,US,26.895134561413258,22
137,MOBS_NEU-GLEAM_FLU,Scenario F,US,25.14082340717166,22
138,MOBS_NEU-GLEAM_FLU,Scenario A,US,21.77036239743009,23
139,MOBS_NEU-GLEAM_FLU,Scenario B,US,21.752211318007426,23
140,MOBS_NEU-GLEAM_FLU,Scenario C,US,24.97520104460098,23
141,MOBS_NEU-GLEAM_FLU,Scenario D,US,23.438460714826235,23
142,MOBS_NEU-GLEAM_FLU,Scenario E,US,27.041964459511277,23
143,MOBS_NEU-GLEAM_FLU,Scenario F,US,25.599134432623167,23
144,MOBS_NEU-GLEAM_FLU,Scenario A,US,22.28421374117543,24
145,MOBS_NEU-GLEAM_FLU,Scenario B,US,21.73343715060659,24
146,MOBS_NEU-GLEAM_FLU,Scenario C,US,25.05857834294529,24
147,MOBS_NEU-GLEAM_FLU,Scenario D,US,23.27458375636871,24
148,MOBS_NEU-GLEAM_FLU,Scenario E,US,26.433602983303526,24
149,MOBS_NEU-GLEAM_FLU,Scenario F,US,25.3926280648349,24
150,MOBS_NEU-GLEAM_FLU,Scenario A,US,22.19000125639425,25
151,MOBS_NEU-GLEAM_FLU,Scenario B,US,21.732372579417113,25
152,MOBS_NEU-GLEAM_FLU,Scenario C,US,25.71952524070539,25
153,MOBS_NEU-GLEAM_FLU,Scenario D,US,23.54147089292102,25
154,MOBS_NEU-GLEAM_FLU,Scenario E,US,27.074129678583546,25
155,MOBS_NEU-GLEAM_FLU,Scenario F,US,25.248082044123315,25
156,MOBS_NEU-GLEAM_FLU,Scenario A,US,21.839039204595753,26
157,MOBS_NEU-GLEAM_FLU,Scenario B,US,21.1443047814146,26
158,MOBS_NEU-GLEAM_FLU,Scenario C,US,25.74966015851941,26
159,MOBS_NEU-GLEAM_FLU,Scenario D,US,24.918770973693995,26
160,MOBS_NEU-GLEAM_FLU,Scenario E,US,28.12170355029076,26
161,MOBS_NEU-GLEAM_FLU,Scenario F,US,25.862395317092734,26
162,MOBS_NEU-GLEAM_FLU,Scenario A,US,20.580526140747555,27
163,MOBS_NEU-GLEAM_FLU,Scenario B,US,21.80601130705305,27
164,MOBS_NEU-GLEAM_FLU,Scenario C,US,24.403936853871347,27
165,MOBS_NEU-GLEAM_FLU,Scenario D,US,23.783742060227564,27
166,MOBS_NEU-GLEAM_FLU,Scenario E,US,27.168222817225345,27
167,MOBS_NEU-GLEAM_FLU,Scenario F,US,25.973595998807852,27
168,MOBS_NEU-GLEAM_FLU,Scenario A,US,21.94159685779981,28
169,MOBS_NEU-GLEAM_FLU,Scenario B,US,21.36301338921559,28
170,MOBS_NEU-GLEAM_FLU,Scenario C,US,25.287767493101352,28
171,MOBS_NEU-GLEAM_FLU,Scenario D,US,23.69419856762638,28
172,MOBS_NEU-GLEAM_FLU,Scenario E,US,26.868626981640713,28
173,MOBS_NEU-GLEAM_FLU,Scenario F,US,26.38638363041858,28
174,MOBS_NEU-GLEAM_FLU,Scenario A,US,22.0242807051152,29
175,MOBS_NEU-GLEAM_FLU,Scenario B,US,22.055975911367746,29
176,MOBS_NEU-GLEAM_FLU,Scenario C,US,25.532998570011625,29
177,MOBS_NEU-GLEAM_FLU,Scenario D,US,23.443689121720986,29
178,MOBS_NEU-GLEAM_FLU,Scenario E,US,27.144955370658504,29
179,MOBS_NEU-GLEAM_FLU,Scenario F,US,27.297020587968372,29
180,MOBS_NEU-GLEAM_FLU,Scenario A,US,22.03777091323196,30
181,MOBS_NEU-GLEAM_FLU,Scenario B,US,21.75676290421428,30
182,MOBS_NEU-GLEAM_FLU,Scenario C,US,25.398419158076823,30
183,MOBS_NEU-GLEAM_FLU,Scenario D,US,23.540826313283613,30
184,MOBS_NEU-GLEAM_FLU,Scenario E,US,26.87685986265702,30
185,MOBS_NEU-GLEAM_FLU,Scenario F,US,26.816969461989082,30
186,MOBS_NEU-GLEAM_FLU,Scenario A,US,21.68457430056976,31
187,MOBS_NEU-GLEAM_FLU,Scenario B,US,20.93153937175416,31
188,MOBS_NEU-GLEAM_FLU,Scenario C,US,25.597569675113675,31
189,MOBS_NEU-GLEAM_FLU,Scenario D,US,23.436923059600907,31
190,MOBS_NEU-GLEAM_FLU,Scenario E,US,26.75785933877818,31
191,MOBS_NEU-GLEAM_FLU,Scenario F,US,25.836241972425036,31
192,MOBS_NEU-GLEAM_FLU,Scenario A,US,20.71967085460239,32
193,MOBS_NEU-GLEAM_FLU,Scenario B,US,21.78249214928437,32
194,MOBS_NEU-GLEAM_FLU,Scenario C,US,25.03392450673865,32
195,MOBS_NEU-GLEAM_FLU,Scenario D,US,24.124962839798798,32
196,MOBS_NEU-GLEAM_FLU,Scenario E,US,26.68533538034084,32
197,MOBS_NEU-GLEAM_FLU,Scenario F,US,26.068623034350267,32
198,MOBS_NEU-GLEAM_FLU,Scenario A,US,21.398486225198752,33
199,MOBS_NEU-GLEAM_FLU,Scenario B,US,21.475007434372436,33
200,MOBS_NEU-GLEAM_FLU,Scenario C,US,24.568276949160964,33
201,MOBS_NEU-GLEAM_FLU,Scenario D,US,24.217894064919818,33
202,MOBS_NEU-GLEAM_FLU,Scenario E,US,26.383458558136176,33
203,MOBS_NEU-GLEAM_FLU,Scenario F,US,25.616676677685614,33
204,MOBS_NEU-GLEAM_FLU,Scenario A,US,21.102355461797643,34
205,MOBS_NEU-GLEAM_FLU,Scenario B,US,21.50913237107994,34
206,MOBS_NEU-GLEAM_FLU,Scenario C,US,25.123405982032512,34
207,MOBS_NEU-GLEAM_FLU,Scenario D,US,23.91423601628705,34
208,MOBS_NEU-GLEAM_FLU,Scenario E,US,27.54270353609423,34
209,MOBS_NEU-GLEAM_FLU,Scenario F,US,25.746678409762215,34
210,MOBS_NEU-GLEAM_FLU,Scenario A,US,21.37999447694292,35
211,MOBS_NEU-GLEAM_FLU,Scenario B,US,20.881203684492927,35
212,MOBS_NEU-GLEAM_FLU,Scenario C,US,25.44171344080453,35
213,MOBS_NEU-GLEAM_FLU,Scenario D,US,23.42059509464578,35
214,MOBS_NEU-GLEAM_FLU,Scenario E,US,27.509684061554637,35
215,MOBS_NEU-GLEAM_FLU,Scenario F,US,25.810860731925942,35
216,MOBS_NEU-GLEAM_FLU,Scenario A,US,21.636613805091176,36
217,MOBS_NEU-GLEAM_FLU,Scenario B,US,21.13207986166527,36
218,MOBS_NEU-GLEAM_FLU,Scenario C,US,25.257654304329996,36
219,MOBS_NEU-GLEAM_FLU,Scenario D,US,23.637800517555487,36
220,MOBS_NEU-GLEAM_FLU,Scenario E,US,26.836767908778224,36
221,MOBS_NEU-GLEAM_FLU,Scenario F,US,25.037947179621217,36
222,MOBS_NEU-GLEAM_FLU,Scenario A,US,22.128360662940036,37
223,MOBS_NEU-GLEAM_FLU,Scenario B,US,21.331598358241763,37
224,MOBS_NEU-GLEAM_FLU,Scenario C,US,25.25869811941618,37
225,MOBS_NEU-GLEAM_FLU,Scenario D,US,24.108331550638972,37
226,MOBS_NEU-GLEAM_FLU,Scenario E,US,26.913574033192077,37
227,MOBS_NEU-GLEAM_FLU,Scenario F,US,26.677768296006676,37
228,MOBS_NEU-GLEAM_FLU,Scenario A,US,21.787432764349692,38
229,MOBS_NEU-GLEAM_FLU,Scenario B,US,21.647432036480716,38
230,MOBS_NEU-GLEAM_FLU,Scenario C,US,25.15251108389742,38
231,MOBS_NEU-GLEAM_FLU,Scenario D,US,24.08008524025783,38
232,MOBS_NEU-GLEAM_FLU,Scenario E,US,26.831466670800463,38
233,MOBS_NEU-GLEAM_FLU,Scenario F,US,25.439334945816995,38
234,MOBS_NEU-GLEAM_FLU,Scenario A,US,21.59953656231676,39
235,MOBS_NEU-GLEAM_FLU,Scenario B,US,21.702806860293933,39
236,MOBS_NEU-GLEAM_FLU,Scenario C,US,26.010009270257566,39
237,MOBS_NEU-GLEAM_FLU,Scenario D,US,23.865261707759856,39
238,MOBS_NEU-GLEAM_FLU,Scenario E,US,26.518949701975878,39
239,MOBS_NEU-GLEAM_FLU,Scenario F,US,26.251357035549955,39
240,MOBS_NEU-GLEAM_FLU,Scenario A,US,22.278573793594102,40
241,MOBS_NEU-GLEAM_FLU,Scenario B,US,21.490478832138717,40
242,MOBS_NEU-GLEAM_FLU,Scenario C,US,25.07259454993565,40
243,MOBS_NEU-GLEAM_FLU,Scenario D,US,23.687431787674036,40
244,MOBS_NEU-GLEAM_FLU,Scenario E,US,26.72025135629673,40
245,MOBS_NEU-GLEAM_FLU,Scenario F,US,25.90818361561135,40
246,MOBS_NEU-GLEAM_FLU,Scenario A,US,21.874364857319247,41
247,MOBS_NEU-GLEAM_FLU,Scenario B,US,21.94228304787704,41
248,MOBS_NEU-GLEAM_FLU,Scenario C,US,24.91982355844053,41
249,MOBS_NEU-GLEAM_FLU,Scenario D,US,24.736937996860497,41
250,MOBS_NEU-GLEAM_FLU,Scenario E,US,27.198333986077465,41
251,MOBS_NEU-GLEAM_FLU,Scenario F,US,25.767570999984763,41
252,MOBS_NEU-GLEAM_FLU,Scenario A,US,22.07568010846333,42
253,MOBS_NEU-GLEAM_FLU,Scenario B,US,21.42305577591004,42
254,MOBS_NEU-GLEAM_FLU,Scenario C,US,25.48611430163829,42
255,MOBS_NEU-GLEAM_FLU,Scenario D,US,24.28131283242671,42
256,MOBS_NEU-GLEAM_FLU,Scenario E,US,26.623533080446006,42
257,MOBS_NEU-GLEAM_FLU,Scenario F,US,25.381763239358936,42
258,MOBS_NEU-GLEAM_FLU,Scenario A,US,21.122893369663643,43
259,MOBS_NEU-GLEAM_FLU,Scenario B,US,21.85945603852932,43
260,MOBS_NEU-GLEAM_FLU,Scenario C,US,25.975236732425543,43
261,MOBS_NEU-GLEAM_FLU,Scenario D,US,23.31289583340205,43
262,MOBS_NEU-GLEAM_FLU,Scenario E,US,27.129774159755,43
263,MOBS_NEU-GLEAM_FLU,Scenario F,US,25.958851237474423,43
264,MOBS_NEU-GLEAM_FLU,Scenario A,US,21.233796566875114,44
265,MOBS_NEU-GLEAM_FLU,Scenario B,US,21.548826014700467,44
266,MOBS_NEU-GLEAM_FLU,Scenario C,US,25.914580292503846,44
267,MOBS_NEU-GLEAM_FLU,Scenario D,US,24.082079627540285,44
268,MOBS_NEU-GLEAM_FLU,Scenario E,US,27.319936887014954,44
269,MOBS_NEU-GLEAM_FLU,Scenario F,US,25.093320918077385,44
270,MOBS_NEU-GLEAM_FLU,Scenario A,US,21.889919318141242,45
271,MOBS_NEU-GLEAM_FLU,Scenario B,US,21.771510642249726,45
272,MOBS_NEU-GLEAM_FLU,Scenario C,US,25.185903181116313,45
273,MOBS_NEU-GLEAM_FLU,Scenario D,US,23.597959838042947,45
274,MOBS_NEU-GLEAM_FLU,Scenario E,US,26.723042999751257,45
275,MOBS_NEU-GLEAM_FLU,Scenario F,US,26.197497004511828,45
276,MOBS_NEU-GLEAM_FLU,Scenario A,US,20.932385004075325,46
277,MOBS_NEU-GLEAM_FLU,Scenario B,US,21.23493994968422,46
278,MOBS_NEU-GLEAM_FLU,Scenario C,US,25.566924483081873,46
279,MOBS_NEU-GLEAM_FLU,Scenario D,US,23.781166776322063,46
280,MOBS_NEU-GLEAM_FLU,Scenario E,US,27.098800965492114,46
281,MOBS_NEU-GLEAM_FLU,Scenario F,US,25.567330403717865,46
282,MOBS_NEU-GLEAM_FLU,Scenario A,US,21.54383801322642,47
283,MOBS_NEU-GLEAM_FLU,Scenario B,US,22.016989712506295,47
284,MOBS_NEU-GLEAM_FLU,Scenario C,US,25.34926904600429,47
285,MOBS_NEU-GLEAM_FLU,Scenario D,US,23.661795146069085,47
286,MOBS_NEU-GLEAM_FLU,Scenario E,US,27.0451968778797,47
287,MOBS_NEU-GLEAM_FLU,Scenario F,US,26.34897888098745,47
288,MOBS_NEU-GLEAM_FLU,Scenario A,US,21.882101630514747,48
289,MOBS_NEU-GLEAM_FLU,Scenario B,US,21.4080033974585,48
290,MOBS_NEU-GLEAM_FLU,Scenario C,US,25.633276935281433,48
291,MOBS_NEU-GLEAM_FLU,Scenario D,US,24.114280406187223,48
292,MOBS_NEU-GLEAM_FLU,Scenario E,US,26.964980629801957,48
293,MOBS_NEU-GLEAM_FLU,Scenario F,US,26.760368008136606,48
294,MOBS_NEU-GLEAM_FLU,Scenario A,US,21.520328573212844,49
295,MOBS_NEU-GLEAM_FLU,Scenario B,US,21.656816110546533,49
296,MOBS_NEU-GLEAM_FLU,Scenario C,US,24.522334835431465,49
297,MOBS_NEU-GLEAM_FLU,Scenario D,US,23.430694197969686,49
298,MOBS_NEU-GLEAM_FLU,Scenario E,US,26.69436780138083,49
299,MOBS_NEU-GLEAM_FLU,Scenario F,US,26.632232730998055,49
300,MOBS_NEU-GLEAM_FLU,Scenario A,US,21.86006698409317,50
301,MOBS_NEU-GLEAM_FLU,Scenario B,US,21.822042680385717,50
302,MOBS_NEU-GLEAM_FLU,Scenario C,US,25.324337286342036,50
303,MOBS_NEU-GLEAM_FLU,Scenario D,US,23.547332827646596,50
304,MOBS_NEU-GLEAM_FLU,Scenario E,US,27.811595276859205,50
305,MOBS_NEU-GLEAM_FLU,Scenario F,US,26.243533180857302,50
306,MOBS_NEU-GLEAM_FLU,Scenario A,US,21.078315988834476,51
307,MOBS_NEU-GLEAM_FLU,Scenario B,US,21.9208307066725,51
308,MOBS_NEU-GLEAM_FLU,Scenario C,US,24.62154361438794,51
309,MOBS_NEU-GLEAM_FLU,Scenario D,US,22.760527569865012,51
310,MOBS_NEU-GLEAM_FLU,Scenario E,US,26.74512710990491,51
311,MOBS_NEU-GLEAM_FLU,Scenario F,US,25.97263185873877,51
312,MOBS_NEU-GLEAM_FLU,Scenario A,US,21.62221968922519,52
313,MOBS_NEU-GLEAM_FLU,Scenario B,US,21.382121398932057,52
314,MOBS_NEU-GLEAM_FLU,Scenario C,US,25.376700373588655,52
315,MOBS_NEU-GLEAM_FLU,Scenario D,US,23.83674001008734,52
316,MOBS_NEU-GLEAM_FLU,Scenario E,US,27.262265285041686,52
317,MOBS_NEU-GLEAM_FLU,Scenario F,US,25.977219383366172,52
318,MOBS_NEU-GLEAM_FLU,Scenario A,US,21.301702643343535,53
319,MOBS_NEU-GLEAM_FLU,Scenario B,US,22.103615283263366,53
320,MOBS_NEU-GLEAM_FLU,Scenario C,US,24.579112374672512,53
321,MOBS_NEU-GLEAM_FLU,Scenario D,US,23.58006940079263,53
322,MOBS_NEU-GLEAM_FLU,Scenario E,US,26.9125865596875,53
323,MOBS_NEU-GLEAM_FLU,Scenario F,US,26.52795751975433,53
324,MOBS_NEU-GLEAM_FLU,Scenario A,US,21.925033599320646,54
325,MOBS_NEU-GLEAM_FLU,Scenario B,US,22.203234245589897,54
326,MOBS_NEU-GLEAM_FLU,Scenario C,US,25.60202412831321,54
327,MOBS_NEU-GLEAM_FLU,Scenario D,US,23.911602965575245,54
328,MOBS_NEU-GLEAM_FLU,Scenario E,US,26.934553195095408,54
329,MOBS_NEU-GLEAM_FLU,Scenario F,US,25.735394919096674,54
330,MOBS_NEU-GLEAM_FLU,Scenario A,US,22.169831559040198,55
331,MOBS_NEU-GLEAM_FLU,Scenario B,US,21.510494972710532,55
332,MOBS_NEU-GLEAM_FLU,Scenario C,US,25.260657755098997,55
333,MOBS_NEU-GLEAM_FLU,Scenario D,US,23.80938882101807,55
334,MOBS_NEU-GLEAM_FLU,Scenario E,US,26.664332094984385,55
335,MOBS_NEU-GLEAM_FLU,Scenario F,US,25.774821285666523,55
336,MOBS_NEU-GLEAM_FLU,Scenario A,US,21.45182531710886,56
337,MOBS_NEU-GLEAM_FLU,Scenario B,US,20.740422695090526,56
338,MOBS_NEU-GLEAM_FLU,Scenario C,US,25.53427134264329,56
339,MOBS_NEU-GLEAM_FLU,Scenario D,US,23.958359095249367,56
340,MOBS_NEU-GLEAM_FLU,Scenario E,US,27.043396695400705,56
341,MOBS_NEU-GLEAM_FLU,Scenario F,US,26.5000178808552,56
342,MOBS_NEU-GLEAM_FLU,Scenario A,US,21.909948904612666,57
343,MOBS_NEU-GLEAM_FLU,Scenario B,US,20.912540891395242,57
344,MOBS_NEU-GLEAM_FLU,Scenario C,US,25.47460359093509,57
345,MOBS_NEU-GLEAM_FLU,Scenario D,US,22.968085309052515,57
346,MOBS_NEU-GLEAM_FLU,Scenario E,US,27.490815667379643,57
347,MOBS_NEU-GLEAM_FLU,Scenario F,US,25.86271947570038,57
348,MOBS_NEU-GLEAM_FLU,Scenario A,US,21.604190496968197,58
349,MOBS_NEU-GLEAM_FLU,Scenario B,US,21.078759174610568,58
350,MOBS_NEU-GLEAM_FLU,Scenario C,US,25.032191237138395,58
351,MOBS_NEU-GLEAM_FLU,Scenario D,US,23.958467800367746,58
352,MOBS_NEU-GLEAM_FLU,Scenario E,US,27.228440897509195,58
353,MOBS_NEU-GLEAM_FLU,Scenario F,US,26.289306707145144,58
354,MOBS_NEU-GLEAM_FLU,Scenario A,US,22.277244351373845,59
355,MOBS_NEU-GLEAM_FLU,Scenario B,US,22.094542733619864,59
356,MOBS_NEU-GLEAM_FLU,Scenario C,US,25.66455654358799,59
357,MOBS_NEU-GLEAM_FLU,Scenario D,US,22.90462242827816,59
358,MOBS_NEU-GLEAM_FLU,Scenario E,US,27.46129336861037,59
359,MOBS_NEU-GLEAM_FLU,Scenario F,US,27.19759068707144,59
360,MOBS_NEU-GLEAM_FLU,Scenario A,US,22.100376364956713,60
361,MOBS_NEU-GLEAM_FLU,Scenario B,US,21.736870822420613,60
362,MOBS_NEU-GLEAM_FLU,Scenario C,US,24.789564939031088,60
363,MOBS_NEU-GLEAM_FLU,Scenario D,US,23.818338436481316,60
364,MOBS_NEU-GLEAM_FLU,Scenario E,US,27.715057085230452,60
365,MOBS_NEU-GLEAM_FLU,Scenario F,US,25.952547503113117,60
366,MOBS_NEU-GLEAM_FLU,Scenario A,US,22.114043135321346,61
367,MOBS_NEU-GLEAM_FLU,Scenario B,US,21.77886101250117,61
368,MOBS_NEU-GLEAM_FLU,Scenario C,US,25.74100135705548,61
369,MOBS_NEU-GLEAM_FLU,Scenario D,US,23.67738065069265,61
370,MOBS_NEU-GLEAM_FLU,Scenario E,US,27.61532009597112,61
371,MOBS_NEU-GLEAM_FLU,Scenario F,US,25.576496738926938,61
372,MOBS_NEU-GLEAM_FLU,Scenario A,US,21.862061308965508,62
373,MOBS_NEU-GLEAM_FLU,Scenario B,US,21.943655597186755,62
374,MOBS_NEU-GLEAM_FLU,Scenario C,US,25.172259308247796,62
375,MOBS_NEU-GLEAM_FLU,Scenario D,US,23.74732072614913,62
376,MOBS_NEU-GLEAM_FLU,Scenario E,US,27.47471717647746,62
377,MOBS_NEU-GLEAM_FLU,Scenario F,US,26.13908842184033,62
378,MOBS_NEU-GLEAM_FLU,Scenario A,US,22.003770569990632,63
379,MOBS_NEU-GLEAM_FLU,Scenario B,US,21.404651924409276,63
380,MOBS_NEU-GLEAM_FLU,Scenario C,US,25.61317666923311,63
381,MOBS_NEU-GLEAM_FLU,Scenario D,US,24.250505002143075,63
382,MOBS_NEU-GLEAM_FLU,Scenario E,US,27.484025823693923,63
383,MOBS_NEU-GLEAM_FLU,Scenario F,US,25.77124935328009,63
384,MOBS_NEU-GLEAM_FLU,Scenario A,US,21.790249694381693,64
385,MOBS_NEU-GLEAM_FLU,Scenario B,US,21.351343842829703,64
386,MOBS_NEU-GLEAM_FLU,Scenario C,US,25.327724859213664,64
387,MOBS_NEU-GLEAM_FLU,Scenario D,US,23.203499875475284,64
388,MOBS_NEU-GLEAM_FLU,Scenario E,US,26.920828955608343,64
389,MOBS_NEU-GLEAM_FLU,Scenario F,US,26.52691367947472,64
390,MOBS_NEU-GLEAM_FLU,Scenario A,US,21.384368159077226,65
391,MOBS_NEU-GLEAM_FLU,Scenario B,US,21.987557716417225,65
392,MOBS_NEU-GLEAM_FLU,Scenario C,US,25.053380107995373,65
393,MOBS_NEU-GLEAM_FLU,Scenario D,US,24.48676482618559,65
394,MOBS_NEU-GLEAM_FLU,Scenario E,US,26.65435411940246,65
395,MOBS_NEU-GLEAM_FLU,Scenario F,US,26.439580672019307,65
396,MOBS_NEU-GLEAM_FLU,Scenario A,US,21.572569031646726,66
397,MOBS_NEU-GLEAM_FLU,Scenario B,US,21.461473011295855,66
398,MOBS_NEU-GLEAM_FLU,Scenario C,US,25.672365414648862,66
399,MOBS_NEU-GLEAM_FLU,Scenario D,US,24.451561145208938,66
400,MOBS_NEU-GLEAM_FLU,Scenario E,US,26.982106875321048,66
401,MOBS_NEU-GLEAM_FLU,Scenario F,US,25.856709459232437,66
402,MOBS_NEU-GLEAM_FLU,Scenario A,US,21.111336919429768,67
403,MOBS_NEU-GLEAM_FLU,Scenario B,US,21.91409689828475,67
404,MOBS_NEU-GLEAM_FLU,Scenario C,US,25.20846395680496,67
405,MOBS_NEU-GLEAM_FLU,Scenario D,US,24.095911554453465,67
406,MOBS_NEU-GLEAM_FLU,Scenario E,US,27.176145745058086,67
407,MOBS_NEU-GLEAM_FLU,Scenario F,US,26.85451338859693,67
408,MOBS_NEU-GLEAM_FLU,Scenario A,US,21.240036783729007,68
409,MOBS_NEU-GLEAM_FLU,Scenario B,US,21.676589297860904,68
410,MOBS_NEU-GLEAM_FLU,Scenario C,US,25.772691397654302,68
411,MOBS_NEU-GLEAM_FLU,Scenario D,US,24.37671555684484,68
412,MOBS_NEU-GLEAM_FLU,Scenario E,US,26.528685438795407,68
413,MOBS_NEU-GLEAM_FLU,Scenario F,US,25.769312042777106,68
414,MOBS_NEU-GLEAM_FLU,Scenario A,US,21.91083707352575,69
415,MOBS_NEU-GLEAM_FLU,Scenario B,US,21.719518583426943,69
416,MOBS_NEU-GLEAM_FLU,Scenario C,US,25.75027068810595,69
417,MOBS_NEU-GLEAM_FLU,Scenario D,US,23.135883047727926,69
418,MOBS_NEU-GLEAM_FLU,Scenario E,US,26.960696713097406,69
419,MOBS_NEU-GLEAM_FLU,Scenario F,US,25.204044201771172,69
420,MOBS_NEU-GLEAM_FLU,Scenario A,US,21.93869388028413,70
421,MOBS_NEU-GLEAM_FLU,Scenario B,US,21.98662548416494,70
422,MOBS_NEU-GLEAM_FLU,Scenario C,US,24.151561121492676,70
423,MOBS_NEU-GLEAM_FLU,Scenario D,US,22.699352735429223,70
424,MOBS_NEU-GLEAM_FLU,Scenario E,US,26.689323201602896,70
425,MOBS_NEU-GLEAM_FLU,Scenario F,US,26.044361516605264,70
426,MOBS_NEU-GLEAM_FLU,Scenario A,US,20.804653111427506,71
427,MOBS_NEU-GLEAM_FLU,Scenario B,US,21.281888456019132,71
428,MOBS_NEU-GLEAM_FLU,Scenario C,US,25.146484356671415,71
429,MOBS_NEU-GLEAM_FLU,Scenario D,US,23.193731816566295,71
430,MOBS_NEU-GLEAM_FLU,Scenario E,US,27.22573818078566,71
431,MOBS_NEU-GLEAM_FLU,Scenario F,US,25.33070108053941,71
432,MOBS_NEU-GLEAM_FLU,Scenario A,US,21.760249295945528,72
433,MOBS_NEU-GLEAM_FLU,Scenario B,US,21.60268474921781,72
434,MOBS_NEU-GLEAM_FLU,Scenario C,US,26.28359347686546,72
435,MOBS_NEU-GLEAM_FLU,Scenario D,US,23.386349790908465,72
436,MOBS_NEU-GLEAM_FLU,Scenario E,US,26.63202031393124,72
437,MOBS_NEU-GLEAM_FLU,Scenario F,US,26.25173569251595,72
438,MOBS_NEU-GLEAM_FLU,Scenario A,US,22.16265553270787,73
439,MOBS_NEU-GLEAM_FLU,Scenario B,US,21.88271332364161,73
440,MOBS_NEU-GLEAM_FLU,Scenario C,US,25.470931546509856,73
441,MOBS_NEU-GLEAM_FLU,Scenario D,US,23.253107752523523,73
442,MOBS_NEU-GLEAM_FLU,Scenario E,US,26.658483533414813,73
443,MOBS_NEU-GLEAM_FLU,Scenario F,US,25.609658487413263,73
444,MOBS_NEU-GLEAM_FLU,Scenario A,US,21.67308369813879,74
445,MOBS_NEU-GLEAM_FLU,Scenario B,US,21.746887530911533,74
446,MOBS_NEU-GLEAM_FLU,Scenario C,US,25.6190377627891,74
447,MOBS_NEU-GLEAM_FLU,Scenario D,US,23.83805212200196,74
448,MOBS_NEU-GLEAM_FLU,Scenario E,US,27.415293245153514,74
449,MOBS_NEU-GLEAM_FLU,Scenario F,US,26.017190953144436,74
450,MOBS_NEU-GLEAM_FLU,Scenario A,US,21.92196468909613,75
451,MOBS_NEU-GLEAM_FLU,Scenario B,US,21.548684434217407,75
452,MOBS_NEU-GLEAM_FLU,Scenario C,US,25.295854531498932,75
453,MOBS_NEU-GLEAM_FLU,Scenario D,US,24.34759931057035,75
454,MOBS_NEU-GLEAM_FLU,Scenario E,US,26.98711227352284,75
455,MOBS_NEU-GLEAM_FLU,Scenario F,US,25.90228276799818,75
456,MOBS_NEU-GLEAM_FLU,Scenario A,US,21.980152000048403,76
457,MOBS_NEU-GLEAM_FLU,Scenario B,US,21.711285230226967,76
458,MOBS_NEU-GLEAM_FLU,Scenario C,US,25.056044916008325,76
459,MOBS_NEU-GLEAM_FLU,Scenario D,US,24.502864820867753,76
460,MOBS_NEU-GLEAM_FLU,Scenario E,US,26.77328364670309,76
461,MOBS_NEU-GLEAM_FLU,Scenario F,US,26.111583075084226,76
462,MOBS_NEU-GLEAM_FLU,Scenario A,US,22.656996696343054,77
463,MOBS_NEU-GLEAM_FLU,Scenario B,US,22.339598413405568,77
464,MOBS_NEU-GLEAM_FLU,Scenario C,US,25.27976130246665,77
465,MOBS_NEU-GLEAM_FLU,Scenario D,US,24.342210123987364,77
466,MOBS_NEU-GLEAM_FLU,Scenario E,US,27.416914078360268,77
467,MOBS_NEU-GLEAM_FLU,Scenario F,US,26.581443478563543,77
468,MOBS_NEU-GLEAM_FLU,Scenario A,US,21.703214953551942,78
469,MOBS_NEU-GLEAM_FLU,Scenario B,US,21.41998018745405,78
470,MOBS_NEU-GLEAM_FLU,Scenario C,US,25.00741731557462,78
471,MOBS_NEU-GLEAM_FLU,Scenario D,US,24.610318721373186,78
472,MOBS_NEU-GLEAM_FLU,Scenario E,US,27.31011596984842,78
473,MOBS_NEU-GLEAM_FLU,Scenario F,US,25.665173920442403,78
474,MOBS_NEU-GLEAM_FLU,Scenario A,US,22.536578420025652,79
475,MOBS_NEU-GLEAM_FLU,Scenario B,US,21.71831127377431,79
476,MOBS_NEU-GLEAM_FLU,Scenario C,US,25.154203476388034,79
477,MOBS_NEU-GLEAM_FLU,Scenario D,US,23.632307818654414,79
478,MOBS_NEU-GLEAM_FLU,Scenario E,US,26.677012620869064,79
479,MOBS_NEU-GLEAM_FLU,Scenario F,US,26.209343335425782,79
480,MOBS_NEU-GLEAM_FLU,Scenario A,US,21.665092449279346,80
481,MOBS_NEU-GLEAM_FLU,Scenario B,US,21.616499345663993,80
482,MOBS_NEU-GLEAM_FLU,Scenario C,US,24.86815315118692,80
483,MOBS_NEU-GLEAM_FLU,Scenario D,US,24.201541494694624,80
484,MOBS_NEU-GLEAM_FLU,Scenario E,US,27.111210507815745,80
485,MOBS_NEU-GLEAM_FLU,Scenario F,US,25.743247077431914,80
486,MOBS_NEU-GLEAM_FLU,Scenario A,US,21.18466967583725,81
487,MOBS_NEU-GLEAM_FLU,Scenario B,US,21.749926404743682,81
488,MOBS_NEU-GLEAM_FLU,Scenario C,US,25.501534429954674,81
489,MOBS_NEU-GLEAM_FLU,Scenario D,US,23.68392220066851,81
490,MOBS_NEU-GLEAM_FLU,Scenario E,US,27.240922373075524,81
491,MOBS_NEU-GLEAM_FLU,Scenario F,US,26.465196620674728,81
492,MOBS_NEU-GLEAM_FLU,Scenario A,US,21.097734622729405,82
493,MOBS_NEU-GLEAM_FLU,Scenario B,US,21.785746015909368,82
494,MOBS_NEU-GLEAM_FLU,Scenario C,US,25.774425170252165,82
495,MOBS_NEU-GLEAM_FLU,Scenario D,US,23.431239201645667,82
496,MOBS_NEU-GLEAM_FLU,Scenario E,US,27.061663724446543,82
497,MOBS_NEU-GLEAM_FLU,Scenario F,US,25.715081351301645,82
498,MOBS_NEU-GLEAM_FLU,Scenario A,US,22.0738721355555,83
499,MOBS_NEU-GLEAM_FLU,Scenario B,US,21.377489625985277,83
500,MOBS_NEU-GLEAM_FLU,Scenario C,US,25.56601226790896,83
501,MOBS_NEU-GLEAM_FLU,Scenario D,US,23.306874914912918,83
502,MOBS_NEU-GLEAM_FLU,Scenario E,US,27.25978312858893,83
503,MOBS_NEU-GLEAM_FLU,Scenario F,US,25.28765968102301,83
504,MOBS_NEU-GLEAM_FLU,Scenario A,US,21.26504762799956,84
505,MOBS_NEU-GLEAM_FLU,Scenario B,US,21.42476077607263,84
506,MOBS_NEU-GLEAM_FLU,Scenario C,US,24.615331020553896,84
507,MOBS_NEU-GLEAM_FLU,Scenario D,US,23.00678009582055,84
508,MOBS_NEU-GLEAM_FLU,Scenario E,US,27.486119306408675,84
509,MOBS_NEU-GLEAM_FLU,Scenario F,US,26.423289668658537,84
510,MOBS_NEU-GLEAM_FLU,Scenario A,US,21.679091337430744,85
511,MOBS_NEU-GLEAM_FLU,Scenario B,US,21.508760683312097,85
512,MOBS_NEU-GLEAM_FLU,Scenario C,US,24.50616479393838,85
513,MOBS_NEU-GLEAM_FLU,Scenario D,US,23.412209955813847,85
514,MOBS_NEU-GLEAM_FLU,Scenario E,US,27.18618460696562,85
515,MOBS_NEU-GLEAM_FLU,Scenario F,US,25.89168639969322,85
516,MOBS_NEU-GLEAM_FLU,Scenario A,US,21.59209050148005,86
517,MOBS_NEU-GLEAM_FLU,Scenario B,US,21.758309622831156,86
518,MOBS_NEU-GLEAM_FLU,Scenario C,US,25.258329706726617,86
519,MOBS_NEU-GLEAM_FLU,Scenario D,US,24.415404599177172,86
520,MOBS_NEU-GLEAM_FLU,Scenario E,US,26.27773835480861,86
521,MOBS_NEU-GLEAM_FLU,Scenario F,US,26.294581297548497,86
522,MOBS_NEU-GLEAM_FLU,Scenario A,US,21.77624377176189,87
523,MOBS_NEU-GLEAM_FLU,Scenario B,US,21.41225597325724,87
524,MOBS_NEU-GLEAM_FLU,Scenario C,US,24.969942533954043,87
525,MOBS_NEU-GLEAM_FLU,Scenario D,US,24.295676324869156,87
526,MOBS_NEU-GLEAM_FLU,Scenario E,US,27.082369047785292,87
527,MOBS_NEU-GLEAM_FLU,Scenario F,US,25.72778671420528,87
528,MOBS_NEU-GLEAM_FLU,Scenario A,US,21.280573813835417,88
529,MOBS_NEU-GLEAM_FLU,Scenario B,US,21.216978346299804,88
530,MOBS_NEU-GLEAM_FLU,Scenario C,US,25.34772086039239,88
531,MOBS_NEU-GLEAM_FLU,Scenario D,US,23.1658585033221,88
532,MOBS_NEU-GLEAM_FLU,Scenario E,US,26.94214666337186,88
533,MOBS_NEU-GLEAM_FLU,Scenario F,US,25.00813677637955,88
534,MOBS_NEU-GLEAM_FLU,Scenario A,US,21.42504207719871,89
535,MOBS_NEU-GLEAM_FLU,Scenario B,US,21.581371389857267,89
536,MOBS_NEU-GLEAM_FLU,Scenario C,US,25.452671798464273,89
537,MOBS_NEU-GLEAM_FLU,Scenario D,US,23.834280935235782,89
538,MOBS_NEU-GLEAM_FLU,Scenario E,US,26.473395421355892,89
539,MOBS_NEU-GLEAM_FLU,Scenario F,US,25.06808365189747,89
540,MOBS_NEU-GLEAM_FLU,Scenario A,US,21.4115087665309,90
541,MOBS_NEU-GLEAM_FLU,Scenario B,US,21.41396048884164,90
542,MOBS_NEU-GLEAM_FLU,Scenario C,US,25.641958054208438,90
543,MOBS_NEU-GLEAM_FLU,Scenario D,US,24.889317192418392,90
544,MOBS_NEU-GLEAM_FLU,Scenario E,US,27.37210010045913,90
545,MOBS_NEU-GLEAM_FLU,Scenario F,US,25.395917301337377,90
546,MOBS_NEU-GLEAM_FLU,Scenario A,US,21.84741454321339,91
547,MOBS_NEU-GLEAM_FLU,Scenario B,US,21.55468091888585,91
548,MOBS_NEU-GLEAM_FLU,Scenario C,US,25.783694023101333,91
549,MOBS_NEU-GLEAM_FLU,Scenario D,US,23.227616767105463,91
550,MOBS_NEU-GLEAM_FLU,Scenario E,US,26.9210103833038,91
551,MOBS_NEU-GLEAM_FLU,Scenario F,US,25.813236541520606,91
552,MOBS_NEU-GLEAM_FLU,Scenario A,US,20.845110539451944,92
553,MOBS_NEU-GLEAM_FLU,Scenario B,US,21.667051949074228,92
554,MOBS_NEU-GLEAM_FLU,Scenario C,US,25.83996668806953,92
555,MOBS_NEU-GLEAM_FLU,Scenario D,US,23.82510799915925,92
556,MOBS_NEU-GLEAM_FLU,Scenario E,US,27.08669669598929,92
557,MOBS_NEU-GLEAM_FLU,Scenario F,US,26.73620239522881,92
558,MOBS_NEU-GLEAM_FLU,Scenario A,US,21.61128177010556,93
559,MOBS_NEU-GLEAM_FLU,Scenario B,US,21.305183209118002,93
560,MOBS_NEU-GLEAM_FLU,Scenario C,US,25.051625788850313,93
561,MOBS_NEU-GLEAM_FLU,Scenario D,US,24.365406058868803,93
562,MOBS_NEU-GLEAM_FLU,Scenario E,US,26.25264304546771,93
563,MOBS_NEU-GLEAM_FLU,Scenario F,US,25.96561465842167,93
564,MOBS_NEU-GLEAM_FLU,Scenario A,US,21.10409639530819,94
565,MOBS_NEU-GLEAM_FLU,Scenario B,US,21.691603598125802,94
566,MOBS_NEU-GLEAM_FLU,Scenario C,US,25.47316704063184,94
567,MOBS_NEU-GLEAM_FLU,Scenario D,US,23.820652312595744,94
568,MOBS_NEU-GLEAM_FLU,Scenario E,US,26.926935321660537,94
569,MOBS_NEU-GLEAM_FLU,Scenario F,US,26.54502850412794,94
570,MOBS_NEU-GLEAM_FLU,Scenario A,US,21.7764889002257,95
571,MOBS_NEU-GLEAM_FLU,Scenario B,US,21.480930135014805,95
572,MOBS_NEU-GLEAM_FLU,Scenario C,US,25.863066773516795,95
573,MOBS_NEU-GLEAM_FLU,Scenario D,US,24.235577087973162,95
574,MOBS_NEU-GLEAM_FLU,Scenario E,US,26.41630899505181,95
575,MOBS_NEU-GLEAM_FLU,Scenario F,US,26.537037647083004,95
576,MOBS_NEU-GLEAM_FLU,Scenario A,US,21.29840876039773,96
577,MOBS_NEU-GLEAM_FLU,Scenario B,US,21.46129171065755,96
578,MOBS_NEU-GLEAM_FLU,Scenario C,US,25.18730674248436,96
579,MOBS_NEU-GLEAM_FLU,Scenario D,US,23.59284276763504,96
580,MOBS_NEU-GLEAM_FLU,Scenario E,US,27.11148161300625,96
581,MOBS_NEU-GLEAM_FLU,Scenario F,US,25.669629909532393,96
582,MOBS_NEU-GLEAM_FLU,Scenario A,US,21.448657413393075,97
583,MOBS_NEU-GLEAM_FLU,Scenario B,US,21.52753710250564,97
584,MOBS_NEU-GLEAM_FLU,Scenario C,US,25.726960130580192,97
585,MOBS_NEU-GLEAM_FLU,Scenario D,US,23.945373182223154,97
586,MOBS_NEU-GLEAM_FLU,Scenario E,US,27.068228642088954,97
587,MOBS_NEU-GLEAM_FLU,Scenario F,US,25.31482406648296,97
588,MOBS_NEU-GLEAM_FLU,Scenario A,US,21.569355035871613,98
589,MOBS_NEU-GLEAM_FLU,Scenario B,US,21.702926939560538,98
590,MOBS_NEU-GLEAM_FLU,Scenario C,US,25.558708577007135,98
591,MOBS_NEU-GLEAM_FLU,Scenario D,US,23.344595233378012,98
592,MOBS_NEU-GLEAM_FLU,Scenario E,US,27.397605980404528,98
593,MOBS_NEU-GLEAM_FLU,Scenario F,US,25.745042587870056,98
594,MOBS_NEU-GLEAM_FLU,Scenario A,US,21.771789766696873,99
595,MOBS_NEU-GLEAM_FLU,Scenario B,US,21.445906463597154,99
596,MOBS_NEU-GLEAM_FLU,Scenario C,US,25.637189023548228,99
597,MOBS_NEU-GLEAM_FLU,Scenario D,US,23.680181904956008,99
598,MOBS_NEU-GLEAM_FLU,Scenario E,US,26.315537957517776,99
599,MOBS_NEU-GLEAM_FLU,Scenario F,US,26.608203714090262,99
